url,doc_id,title,audience,department,category,language,document_version,license_or_permission
https://www.cmu.edu/hub/registrar/registration/,course-registration,Course Registration,student,registrar,registration,en,not-stated,public-source
https://www.cmu.edu/hub/registrar/registration/steps/,registration-four-steps,Register for Courses in 4 Easy Steps,student,registrar,registration,en,not-stated,public-source
https://www.cmu.edu/hub/registrar/courses-and-scheduling/index.html,plan-course-schedule,Plan Course Schedule,student,registrar,registration-planning,en,not-stated,public-source
https://www.cmu.edu/hub/registrar/registration/start-times.html,registration-start-times,Registration Start Time Assignments,student,registrar,registration,en,not-stated,public-source
https://www.cmu.edu/hub/registrar/course-changes/index.html,course-changes,Course Adds Drops and Withdrawals,student,registrar,course-changes,en,not-stated,public-source
https://www.cmu.edu/hub/registrar/course-changes/faq.html,voucher-process-faq,Voucher Process Frequently Asked Questions,student,registrar,course-changes,en,not-stated,public-source
https://www.cmu.edu/hub/registrar/registration/vnd/faculty-staff.html,faculty-staff-non-degree-registration,Non-Degree Faculty Registration,faculty,registrar,registration,en,not-stated,public-source
https://www.cmu.edu/hub/registrar/registration/vnd/faculty-staff.html,staff-non-degree-registration,Non-Degree Staff Registration,staff,registrar,registration,en,not-stated,public-source
https://www.cmu.edu/hub/registrar/,registrar-services-overview,University Registrar Services Overview,all,registrar,registration-services,en,not-stated,public-source
